{"val_loss": 1.881714940071106, "_timestamp": 1685703772.841612, "_runtime": 33.29349613189697, "_step": 1745, "_wandb": {"runtime": 32}}