{"val_loss": 1.380229115486145, "_timestamp": 1685703561.361666, "_runtime": 32.685746908187866, "_step": 1745, "_wandb": {"runtime": 31}}