{"val_loss": 2.0940749645233154, "_timestamp": 1685703657.9846919, "_runtime": 33.22564387321472, "_step": 1745, "_wandb": {"runtime": 32}}