{"val_loss": 1.7611128091812134, "_timestamp": 1685704044.6924112, "_runtime": 35.91849708557129, "_step": 1745, "_wandb": {"runtime": 34}}